[
    {
      "course name": "CHEM 115L/1015 - General Chemistry Laboratory (1 cr.)",
      "prereq": "Thanawiya Amma Science or equivalent.",
      "prereq or concurrent": "NaN",
      "concurrent": "NaN",
      "time requirement": "NaN",
      "Approval": "NaN",
      "Offered": "Fall and Spring",
      "Description": "Selected experiments in inorganic and organic chemistry."
    },
    {
      "course name": "ENGR 000/2105 - Engineering Mechanics (3 cr.)",
      "prereq": "MACT 1122, PHYS 1011\u00a0",
      "prereq or concurrent": "NaN",
      "concurrent": "NaN",
      "time requirement": "NaN",
      "Approval": "NaN",
      "Offered": "Fall and Spring",
      "Description": "Fundamentals of mechanics, statics of particles and rigid bodies, center of gravity and moment of inertia, internal forces in members, kinematics and kinetics of particles and rigid bodies. Engineering applications."
    },
    {
      "course name": "ENGR 345/3222 - Engineering Economy (3 cr.)",
      "prereq": "MACT 1121\u00a0",
      "prereq or concurrent": "NaN",
      "concurrent": "NaN",
      "time requirement": "NaN",
      "Approval": "NaN",
      "Offered": "Fall and Spring",
      "Description": "Economic and cost concepts, the time value of money, single, multiple and series of cash flows, gradients, functional notation, nominal and effective interest rates, continuous compounding, rates of return. Computation and applications, economic feasibility of projects and worth of investments, comparison of alternatives. Replacement, deprecation and B.E. analysis. Introduction to risk analysis."
    },
    {
      "course name": "MACT 132/1122 - Calculus II (3 cr.)",
      "prereq": "MACT 1121 \u00a0\u00a0or exemption.",
      "prereq or concurrent": "NaN",
      "concurrent": "NaN",
      "time requirement": "NaN",
      "Approval": "NaN",
      "Offered": "Fall and Spring",
      "Description": "The calculus of inverse trigonometric and hyperbolic functions. Applications of the definite integral for finding areas and volumes of revolutions. Techniques of integration. Improper integrals. Sequences and series: Convergence tests, power series, Taylor series with applications. Vectors and the three-dimensional space: Dot and cross products, lines and planes."
    },
    {
      "course name": "MACT 231/2123 - Calculus III (3 cr.)",
      "prereq": "MACT 1122",
      "prereq or concurrent": "NaN",
      "concurrent": "NaN",
      "time requirement": "NaN",
      "Approval": "NaN",
      "Offered": "Fall and Spring",
      "Description": "Vector valued functions and space curves. Functions of several variables: Limits and continuity, partial derivatives, directional derivatives, maximum and minimum values, Lagrange multipliers. Multiple integrals: Double and triple integrals, change of variables in multiple integrals, including polar, cylindrical and spherical coordinates. Vector calculus: vector fields, The Fundamental Theorem of Line Integrals, Green’s Theorem, surface integrals, Stokes’ and Gauss’s Theorems."
    },
    {
      "course name": "MACT 200/2131 - Discrete Mathematics (3 cr.)",
      "prereq": "NaN",
      "prereq or concurrent": "MACT 1121\u00a0\u00a0(concurrent or exemption)",
      "concurrent": "NaN",
      "time requirement": "NaN",
      "Approval": "NaN",
      "Offered": "Fall and Spring",
      "Description": "Logic and Proofs: Basic propositional and predicate logic, rules of inference, direct and indirect proof methods (including contraposition and contradiction). Sets: Set operations, functions, sequences and finite series, infinite cardinalities, and matrices. Integers: divisibility and modular arithmetic, primes and the Fundamental Theorem of Arithmetic, the greatest common divisor, proofs by regular and strong mathematical induction. Combinatorics: Permutations and combinations, the Pigeonhole Principle. Relations and their properties, representing relations using Boolean matrices and digraphs, equivalence relations."
    },
    {
      "course name": "MACT 240/2132 - Linear Algebra (3 cr.)",
      "prereq": "NaN",
      "prereq or concurrent": "MACT 1122\u00a0or concurrent",
      "concurrent": "NaN",
      "time requirement": "NaN",
      "Approval": "NaN",
      "Offered": "Fall and Spring",
      "Description": "Solutions of systems of linear equations. Matrices and determinants. The space Rn, vector spaces and subspaces. Linear independence, basis and dimension. Inner product and orthonormal bases. Linear transformations. Eigenvalues and eigenvectors. Diagonalization. Various applications."
    },
    {
      "course name": "MACT 233/2141 - Differential Equations (3 cr.)",
      "prereq": "MACT 1122\u00a0",
      "prereq or concurrent": "NaN",
      "concurrent": "NaN",
      "time requirement": "NaN",
      "Approval": "NaN",
      "Offered": "Fall and Spring",
      "Description": "First-order differential equations and applications. Higher-order differential equations. Applications of second-order linear differential equations with constant coefficients. Systems of linear differential equations. Series solutions. Laplace transform."
    },
    {
      "course name": "MACT 317/3224 - Probability and Statistics (3 cr.)",
      "prereq": "MACT 1122\u00a0",
      "prereq or concurrent": "NaN",
      "concurrent": "NaN",
      "time requirement": "NaN",
      "Approval": "NaN",
      "Offered": "Fall and Spring",
      "Description": "A course in probability and statistics designed for computer science and engineering students. Probability is used to construct parametric models that often arise in computer science and engineering problems. Statistics is then used to estimate the parameters of these models based on available data, check the adequacy of the fitted models, and test specific hypotheses. Topics include random variables and their probability distributions including uniform, binomial, geometric, Poisson, normal, and exponential distributions; expected value of functions of random variables; stochastic simulation; sampling distributions; maximum likelihood and least squares methods of estimation; statistical inference including hypothesis testing and interval estimation"
    },
    {
      "course name": "PHYS 111/1011 - Physics 1: Classical Mechanics, Sound and Heat (3 cr.)",
      "prereq": "MACT 1121",
      "prereq or concurrent": "NaN",
      "concurrent": "PHYS 1012",
      "time requirement": "NaN",
      "Approval": "NaN",
      "Offered": "Fall and Spring",
      "Description": "An introduction to classical mechanics covering vectors, applications of Newton’s laws, conservation laws and forces, motion in a plane, circular motion, equilibrium and elasticity, rotational motion, simple harmonic motion, energy and power; mechanical and sound waves, temperature, heat and the first law of thermodynamics."
  },
    {
      "course name": "PHYS 123L/1012 - General Physics Laboratory I (1 cr.)",
      "prereq": "NaN",
      "prereq or concurrent": "NaN",
      "concurrent": "Concurrent with PHYS 1011",
      "time requirement": "NaN",
      "Approval": "NaN",
      "Offered": "Fall and Spring",
      "Description": "The fundamental quantities of physics are measured through selected experiments in mechanics, heat, and sound. Data are summarized, errors are estimated, and reports are presented."
    },
    {
      "course name": "PHYS 112/1021 - Physics 2: Electricity and Magnetism (3 cr.)",
      "prereq": "PHYS 1011, PHYS 1012 ",
      "prereq or concurrent": "MACT 1122",
      "concurrent": "PHYS 1022",
      "time requirement": "NaN",
      "Approval": "NaN",
      "Offered": "Fall and Spring",
      "Description": "An introduction to electricity and magnetism covering the electric field, Gauss’s law, electric potential, capacitance, dc circuits, magnetic fields, Faraday’s and Ampere’s laws, time-varying fields, Maxwell’s equations in integral form and alternating currents."
    },
    {
      "course name": "PHYS 124L/1022 - General Physics Laboratory II (1 cr.)",
      "prereq": "NaN",
      "prereq or concurrent": "NaN",
      "concurrent": "PHYS 1021",
      "time requirement": "NaN",
      "Approval": "NaN",
      "Offered": "Fall and Spring",
      "Description": "The fundamental quantities of physics are measured through selected experiments in electricity, magnetism, and optics. Data are summarized, errors are estimated, and reports are presented."
    },
    {
      "course name": "PHYS 215/2211 - Introduction to Electronics (3 cr.)",
      "prereq": "PHYS 1021",
      "prereq or concurrent": "NaN",
      "concurrent": "PHYS 2213\u00a0",
      "time requirement": "NaN",
      "Approval": "NaN",
      "Offered": "Fall and Spring",
      "Description": "Foundation of DC and AC Circuit Analysis, Resonance and Filter Circuits, Semiconductor Basics, Diode and transistor fundamentals and applications, and feedback oscillators."
    },
    {
      "course name": "PHYS 222L/2213 - Electronics Lab (1 cr.)",
      "prereq": "NaN",
      "prereq or concurrent": "NaN",
      "concurrent": "PHYS 2211\u00a0",
      "time requirement": "NaN",
      "Approval": "NaN",
      "Offered": "Fall and Spring",
      "Description": "Basic experiments in circuits and electronics."
    },
    {
      "course name": "CSCE 106/1001 - Fundamentals of Computing I (3 cr.)",
      "prereq": "College level preparation course in Mathematics or MACT 1111",
      "prereq or concurrent": "NaN",
      "concurrent": "NaN",
      "time requirement": "NaN",
      "Approval": "NaN",
      "Offered": "Fall and Spring",
      "Description": "Introduces fundamental concepts and principles of computing systems, grand challenges in computing, analyzing and formulating solutions to multidisciplinary problems, basic algorithms for solving problems, as well as designing, implementing, and testing programs using one prime language and other supplementary languages. Using data and procedural abstractions as basic design principles, students learn how to design and implement basic data structures such as stacks and queues, and to apply various algorithms for operating on them. Also covers some numbering systems, data representation, and basic computer organization. The course uses the imperative and object-oriented paradigms."
    },
    {
      "course name": "CSCE 110/1101 - Fundamentals of Computing II (3 cr.)",
      "prereq": "CSCE 1001\u00a0",
      "prereq or concurrent": "NaN",
      "concurrent": "\u00a0CSCE 1102\u00a0 (not for ECNG students)",
      "time requirement": "NaN",
      "Approval": "NaN",
      "Offered": "Fall and Spring",
      "Description": "Introduces concepts and techniques for developing larger software systems. The object-oriented paradigm is further utilized using a modern programming language such as Java or C++. Covers topics that include classes and objects, inheritance, encapsulation, polymorphism, more algorithms, basic design patterns, generics, testing. Also covers the design and implementation of data structures including but not limited to lists, trees, and graphs."
    },
    {
      "course name": "CSCE 000/1102 - Fundamentals of Computing II Lab (1 cr.)",
      "prereq": "NaN",
      "prereq or concurrent": "NaN",
      "concurrent": "CSCE 1101\u00a0",
      "time requirement": "NaN",
      "Approval": "NaN",
      "Offered": "Fall and Spring",
      "Description": "The laboratory will contribute to the capacity building and practice of knowledge units covered in CSCE 1101 (Fundamentals of Computing II)."
    },
    {
      "course name": "CSCE 321/2202 - Analysis and Design of Algorithms (3 cr.)",
      "prereq": "CSCE 2211\u00a0",
      "prereq or concurrent": "MACT 2131",
      "concurrent": "CSCE 2203\u00a0",
      "time requirement": "NaN",
      "Approval": "NaN",
      "Offered": "Fall and Spring",
      "Description": "Analysis and complexity bounds of basic classes of algorithms. Basic algorithm design methodologies: Brute force, Transform and Conquer, Divide and conquer, and Greedy methods. Dynamic Programming, Backtracking and Branch and Bound methods. Applications to problems such as sorting and searching, traveling salesperson, knapsack, optimal merge patterns and graph algorithms. Introduction to the theory of complexity."
    },
    {
      "course name": "CSCE 000/2203 - Analysis and Design of Algorithms Lab (1 cr.)",
      "prereq": "NaN",
      "prereq or concurrent": "MACT 2131\u00a0",
      "concurrent": "\u00a0CSCE 2202",
      "time requirement": "NaN",
      "Approval": "NaN",
      "Offered": "Fall and Spring",
      "Description": "The laboratory will contribute to the capacity building and practice of knowledge units covered in CSCE 2202 (Analysis and Design of Algorithms)."
    },
    {
      "course name": "CSCE 000/2211 - Applied Data Structures (3 cr.)",
      "prereq": "CSCE 1101\u00a0",
      "prereq or concurrent": "NaN",
      "concurrent": "NaN",
      "time requirement": "NaN",
      "Approval": "NaN",
      "Offered": "Fall and Spring",
      "Description": "In depth coverage of applied data structures needed by computing professionals. Includes but not limited to: Abstract data types and classes, analysis of algorithms, trees, binary search trees, dictionaries, self-balancing trees, B-Trees, red black trees, heaps, priority queues, sets, and graphs. Practical usage of the data structures is covered."
    },
    {
      "course name": "CSCE 230/2301 - Digital Design I (3 cr.)",
      "prereq": "NaN",
      "prereq or concurrent": "PHYS 2211",
      "concurrent": "CSCE 2302.",
      "time requirement": "NaN",
      "Approval": "NaN",
      "Offered": "Fall and Spring",
      "Description": "Basic logic gates, Boolean algebra, logic minimization algorithms, modular design of combinational circuits, introduction to computer arithmetic, memory elements, sequential circuits, Finite State Machines analysis and design, top-down digital systems design approach, timing aspects of digital systems. Exposure to modern Electronic Design Automation tools, Hardware Description Languages and programmable logic devices. The laboratory component will cover experiments in digital electronics."
    },
    {
      "course name": "CSCE 239L/2302 - Digital Design I Lab (1 cr.)",
      "prereq": "NaN",
      "prereq or concurrent": "NaN",
      "concurrent": " CSCE 2301",
      "time requirement": "NaN",
      "Approval": "NaN",
      "Offered": "Fall and Spring",
      "Description": "The laboratory will cover experiments in digital design and experiments illustrating material of course CSCE 2301 ."
    },
    {
      "course name": "CSCE 231/2303 - Computer Organization and Assembly Language Programming (3 cr.)",
      "prereq": "CSCE 1101\u00a0",
      "prereq or concurrent": "NaN",
      "concurrent": "CSCE 2301\u00a0or\u00a0ECNG 2101",
      "time requirement": "NaN",
      "Approval": "NaN",
      "Offered": "Fall and Spring",
      "Description": "Instruction set architecture, computer performance (affecting factors and metrics), computer arithmetics (integers and floating-point numbers), assembly programming and the corresponding machine code (RISC and CISC architectures), the instruction cycle, the interrupt cycle, the memory hierarchy, and caching."
    },
    {
      "course name": "CSCE 253/2501 - Fundamentals of Database Systems (3 cr.)",
      "prereq": "CSCE 1101\u00a0",
      "prereq or concurrent": "NaN",
      "concurrent": "NaN",
      "time requirement": "NaN",
      "Approval": "NaN",
      "Offered": "Fall and Spring",
      "Description": "Basic concepts, database system environment, DBMS. Components and architecture access structures, indexing and hashing, high-level data models, ER, the relational model, relational languages, relational algebra, relational calculus, SQL, functional dependencies and normalization, database security, query evaluation and optimization techniques, distributed database systems architecture and an introduction to NOSQL Databases."
    },
    {
      "course name": "CSCE 330/3301 - Computer Architecture (3 cr.)",
      "prereq": "(CSCE 2301 or ECNG 2101), CSCE 2303 ",
      "prereq or concurrent": "NaN",
      "concurrent": "CSCE 3302",
      "time requirement": "NaN",
      "Approval": "NaN",
      "Offered": "Fall and Spring",
      "Description": "Instruction set architectures design, CPU microarchitectures including datapath and control unit design, register transfer language, single-cycle implementation, pipelining, hazards, branch prediction, I/O systems and busses, Instruction-level parallelism, static and dynamic multiple-issue architectures, dynamic scheduling, speculation, SIMD and vector architectures, synchronization, virtual memory, and cache coherence."
    },
    {
      "course name": "CSCE 339L/3302 - Computer Architecture Lab (1 cr.)",
      "prereq": "NaN",
      "prereq or concurrent": "NaN",
      "concurrent": "CSCE 3301",
      "time requirement": "NaN",
      "Approval": "NaN",
      "Offered": "Fall and Spring",
      "Description": "The laboratory will cover experiments in computer architecture and hardware design and experiments illustrating material of course CSCE 3301 ."
    },
    {
      "course name": "CSCE 332/3303 - Fundamental Microelectronics (3 cr.)",
      "prereq": "PHYS 2211\u00a0",
      "prereq or concurrent": "CSCE 2301",
      "concurrent": "NaN",
      "time requirement": "NaN",
      "Approval": "NaN",
      "Offered": "Fall and Spring",
      "Description": "The course covers topics related to electronic devices and their applications such as diodes, transistors (BJT and MOSFET), and operational amplifiers with an emphasis on digital CMOS circuits design, simulation and analysis."
    },
    {
      "course name": "CSCE 337/3304 - Digital Design II (3 cr.)",
      "prereq": "CSCE 2301 , CSCE 3303 .",
      "prereq or concurrent": "NaN",
      "concurrent": "NaN",
      "time requirement": "NaN",
      "Approval": "NaN",
      "Offered": "Fall and Spring",
      "Description": "VLSI fabrication, Design of complex CMOS cells, Combinational and Sequential logic structures in VLSI; Introduction of ASIC design techniques and tools; design and programming of FPGAs using CAD tools; timing in sequential circuits; Digital systems design; Modeling and simulation; Fault models and testing."
    },
    {
      "course name": "CSCE 435/3312 - Computer Networks (3 cr.)",
      "prereq": "PHYS 2211, (MACT 3211\u00a0or\u00a0MACT 3224)",
      "prereq or concurrent": "NaN",
      "concurrent": "CSCE 3313\u00a0",
      "time requirement": "NaN",
      "Approval": "NaN",
      "Offered": "Fall and Spring",
      "Description": "Covers the fundamentals of computer networking. Topics include Introduction to computer networks, historical perspective and types, switching techniques, the concept of layering, network performance metrics, data link layer, network layer, IP networking and addressing, and the transport layer."
    },
    {
      "course name": "CSCE 439L/3313 - Computer Networks Lab (1 cr.)",
      "prereq": "NaN",
      "prereq or concurrent": "NaN",
      "concurrent": "CSCE 3312.",
      "time requirement": "NaN",
      "Approval": "NaN",
      "Offered": "Fall and Spring",
      "Description": "Offers hands-on experience in the area of computer networks. This includes basic network components, equipment, and experiments on network monitoring and virtualization tools, link layer, network layer, transport layer and application layer protocols, along with well-known static and dynamic routing protocols, in use in the Internet today."
    },
    {
      "course name": "CSCE 345/3401 - Operating Systems (3 cr.)",
      "prereq": "CSCE 2303 and CSCE 2211 ",
      "prereq or concurrent": "NaN",
      "concurrent": "CSCE 3402\u00a0",
      "time requirement": "NaN",
      "Approval": "NaN",
      "Offered": "Fall and Spring",
      "Description": "Operating systems concepts and structure. The Kernel, interrupts, system calls. Process concepts, operations, and implementation. Threads. Concurrency, interprocess communication and synchronization. Process scheduling. Resources and deadlocks. Memory management: swapping, paging, segmentation, virtual memory. File system interface, protection. Case studies: Windows, Linux, and MINIX."
    },
    {
      "course name": "CSCE 000/3402 - Operating Systems Lab (1 cr.)",
      "prereq": "CSCE 1101\u00a0",
      "prereq or concurrent": "NaN",
      "concurrent": "CSCE 3401\u00a0",
      "time requirement": "NaN",
      "Approval": "NaN",
      "Offered": "Fall and Spring",
      "Description": "Fundamentals of systems programming, standard administration tools, shell programming, Make utility, file I/O, access rights for files and directories, system data files and information, system configuration, Unix processes, process control, synchronization, signals, daemons, interprocess communication, kernel adaptation and generation."
    },
    {
      "course name": "CSCE 363/3611 - Digital Signal Processing (3 cr.)",
      "prereq": "PHYS 2211",
      "prereq or concurrent": "NaN",
      "concurrent": "NaN",
      "time requirement": "NaN",
      "Approval": "Junior Standing",
      "Offered": "Fall and Spring",
      "Description": "Characterizations of signals, ADC and DAC, Fourier series and Fourier transform for discrete and continuous time signals, sampling, Digital spectrum analysis, discrete transforms, digital filters, audio and image processing applications."
    },
    {
      "course name": "CSCE 341/3701 - Software Engineering (3 cr.)",
      "prereq": "CSCE 1101\u00a0",
      "prereq or concurrent": "NaN",
      "concurrent": "NaN",
      "time requirement": "NaN",
      "Approval": "NaN",
      "Offered": "Fall and Spring",
      "Description": "Basic concepts of software engineering project management, ethical and social issues as well as the software development life cycle. Techniques for software specification, design, implementation, validation, verification and documentation. State-of-the art tools for computer-aided software engineering (CASE tools) are used to support term projects."
    },
    {
      "course name": "CSCE 432/4301 - Embedded Systems (3 cr.)",
      "prereq": "CSCE 3301,\u00a0CSCE 3401,\u00a0CSCE 3312",
      "prereq or concurrent": "NaN",
      "concurrent": "CSCE 4302",
      "time requirement": "NaN",
      "Approval": "NaN",
      "Offered": "Fall and Spring",
      "Description": "This is a hands-on course on the theory and practice of developing low-power embedded systems with real-time constraints. Students will learn how to develop embedded hardware and software, interface a variety of sensors and actuators for interactive systems, communicate over embedded networks and use RTOS kernel to develop embedded software. The course will culminate with a significant project which will extend the concepts covered earlier in the course"
    },
    {
      "course name": "CSCE 438L/4302 - Embedded Systems Lab (1 cr.)",
      "prereq": "NaN",
      "prereq or concurrent": "NaN",
      "concurrent": "CSCE 4301",
      "time requirement": "NaN",
      "Approval": "NaN",
      "Offered": "Fall and Spring",
      "Description": "The laboratory will cover experiments in embedded systems illustrating material of course CSCE 4301 ."
    },
    {
      "course name": "CSCE 445/4411 - Fundamentals of Distributed Systems (3 cr.)",
      "prereq": "CSCE 3401",
      "prereq or concurrent": "NaN",
      "concurrent": "NaN",
      "time requirement": "NaN",
      "Approval": "NaN",
      "Offered": "Fall",
      "Description": "Introduction to distributed systems. Modeling, specifications, consistency, fault tolerance, interprocess communication, network and distributed operating systems, distributed mutual exclusion, distributed deadlock detection, load balancing and process migration."
    },
    {
      "course name": "CSCE 490/4950 - Industrial Training (1 cr.)",
      "prereq": "NaN",
      "prereq or concurrent": "NaN",
      "concurrent": "NaN",
      "time requirement": "NaN",
      "Approval": "Junior standing and  instructor approval",
      "Offered": "Fall and Spring",
      "Description": "Each student is required to spend a minimum of eight weeks in training related to the computing domain in Egypt or abroad. Students need to follow guidelines published by the department. Evidence, including references are provided demonstrating the nature and duration of training. A report followed by discussion is submitted to a departmental committee for evaluation."
    },
    {
      "course name": "CSCE 491/4980 - Senior Project I (1 cr.)",
      "prereq": "NaN",
      "prereq or concurrent": "NaN",
      "concurrent": "NaN",
      "time requirement": "NaN",
      "Approval": "Instructor approval",
      "Offered": "Fall and Spring",
      "Description": "Participating students select project topic according to their subject of interest and the availability of facilities and advisers. Students carry out necessary preliminary work, which involves initial design space exploration, and submit a progress report. Ethical responsibilities of a computing professional are covered by lectures and seminars and emphasized through the student's teamwork."
    },
    {
      "course name": "CSCE 492/4981 - Senior Project II (2 cr.)",
      "prereq": "CSCE 4980\u00a0",
      "prereq or concurrent": "NaN",
      "concurrent": "NaN",
      "time requirement": "NaN",
      "Approval": "NaN",
      "Offered": "Fall and Spring",
      "Description": "Participating students carry on the plan of work they developed in CSCE 4980 . Students use all of their acquired knowledge toward the design, implementation, testing, and documentation of a product. Each participant gives an oral presentation of his/her results. On the approval of the supervisor, each group prepares and presents a complete package. Further ethical issues of the computing profession are covered and emphasized all over the course work."
    },
    {
      "course name": "CSCE 315/3101 - Programming Language (1-3 cr.)",
      "prereq": "CSCE 1001\u00a0",
      "prereq or concurrent": "NaN",
      "concurrent": "NaN",
      "time requirement": "NaN",
      "Approval": "NaN",
      "Offered": "Occasionally",
      "Description": "A programming language different from those studied in CSCE 1001 and CSCE 1101 will be presented according to the interest of both students and faculty."
    },
    {
      "course name": "CSCE 316/3102 - Programming in Java (3 cr.)",
      "prereq": "CSCE 1101\u00a0",
      "prereq or concurrent": "NaN",
      "concurrent": "NaN",
      "time requirement": "NaN",
      "Approval": "NaN",
      "Offered": "Occasionally",
      "Description": "This course offers intermediate programming concepts in the Java programming language to include virtual machines, dynamic type checking, object serialization, inheritance and polymorphism, file manipulation, interfaces and packages. Java Applets, event handling, multithreading and network-based application development in Java are also covered along with a set of selected topics such as remote method invocation and remote database access using the language."
    },
    {
      "course name": "CSCE 317/3103 - Object Oriented Programming (3 cr.)",
      "prereq": "CSCE 1101\u00a0",
      "prereq or concurrent": "NaN",
      "concurrent": "NaN",
      "time requirement": "NaN",
      "Approval": "NaN",
      "Offered": "Occasionally",
      "Description": "In-depth study of a typical object-oriented programming language (C++) from a software engineering perspective, with emphasis on features supporting the development of large, efficient and reusable object-oriented applications. Principles and practice of three software development paradigms: developing classes from scratch, reuse of existing classes, incremental extension of frameworks. Encapsulation, templates, polymorphism, dynamic binding and virtual methods, operator’s overloading, complex associations, dynamic aggregation, inheritance (single and multiple), exception handling, the standard template library. Introduction to UML for describing program designs."
    },
    {
      "course name": "CSCE 325/3104 - Concepts of Programming Languages (3 cr.)",
      "prereq": "CSCE 1101\u00a0",
      "prereq or concurrent": "NaN",
      "concurrent": "NaN",
      "time requirement": "NaN",
      "Approval": "NaN",
      "Offered": "Fall and Spring",
      "Description": "Comparative study of abstraction, syntax, semantics, binding times, data and sequence control, run-time resources, translators, and storage of programming languages. Programming projects using selected programming languages to enhance practical aspects."
    },
    {
      "course name": "CSCE 333/3311 - Data and Computer Communications (3 cr.)",
      "prereq": "CSCE 1101,  PHYS 2211 ",
      "prereq or concurrent": "NaN",
      "concurrent": "NaN",
      "time requirement": "NaN",
      "Approval": "NaN",
      "Offered": "Fall and Spring",
      "Description": "Overview the network protocol stack and TCP/IP. Data transmission technologies, transmission impairments and channel capacity. Basics of wired and wireless transmission media. Signal encoding techniques. Introduction to error detection and correction. LAN fundamentals, Ethernet LANs, WLANs and MAC protocols. Cellular networks fundamental concepts and evolution from 1G to 5G networks."
    },
    {
      "course name": "CSCE 465/3601 - Fundamentals of Artificial Intelligence (3 cr.)",
      "prereq": "CSCE 2202\u00a0",
      "prereq or concurrent": "NaN",
      "concurrent": "NaN",
      "time requirement": "NaN",
      "Approval": "NaN",
      "Offered": "Fall",
      "Description": "The course will introduce students to the main foundational concepts and techniques used in Artificial Intelligence including searching and problem solving methods, representing knowledge, dealing with uncertainty, probabilistic reasoning, planning, learning decision rules from data, and statistical learning."
    },
    {
      "course name": "CSCE 447/4101 - Compiler Design (3 cr.)",
      "prereq": "CSCE 3104",
      "prereq or concurrent": "NaN",
      "concurrent": "NaN",
      "time requirement": "NaN",
      "Approval": "NaN",
      "Offered": "Spring",
      "Description": "Principles and practices in the design of compilers. Lexical analysis. Syntax analysis, top-down and bottom-up parsing. Syntax-directed translation and syntax trees. Declarations, types, and symbol management. Run-time environments, storage organization, parameter passing, dynamic storage allocation. Intermediate languages and intermediate code generation. Code generation and optimization."
    },
    {
      "course name": "CSCE 422/4201 - Theory of Computing (3 cr.)",
      "prereq": "MACT 2131",
      "prereq or concurrent": "NaN",
      "concurrent": "NaN",
      "time requirement": "NaN",
      "Approval": "Senior Standing",
      "Offered": "Fall",
      "Description": "Finite automata and regular expressions, context-free grammars and push-down automata, nondeterminism. Context-sensitive grammars and the Chomsky hierarchy of grammars. Turing machine and the halting problem. Undecidable problems. Church’s Conjecture and its implications."
    },
    {
      "course name": "CSCE 000/4303 - Embedded Systems on Chip Design (3 cr.)",
      "prereq": "CSCE 3304, CSCE 4301\u00a0",
      "prereq or concurrent": "NaN",
      "concurrent": "NaN",
      "time requirement": "NaN",
      "Approval": "NaN",
      "Offered": "Fall",
      "Description": "Systems-on-Chip (SoCs) are at the core of most embedded computing and consumer devices nowadays. The course gives Hands-on coverage of the breadth of computer engineering within the context of SoCs, including on-chip memories and buses, I/O interfacing, RTL design of accelerators, firmware development and OS support. The course emphasizes hardware/software tradeoffs, and hardware/software codesign."
    },
    {
      "course name": "CSCE 437/4313 - Local and Metropolitan Area Networks (3 cr.)",
      "prereq": "CSCE 3311",
      "prereq or concurrent": "NaN",
      "concurrent": "NaN",
      "time requirement": "NaN",
      "Approval": "NaN",
      "Offered": "Spring",
      "Description": "Introduction to LAN, MAN and WAN. Topologies and transmission media. Protocol Architecture and Logical Link Control. Traditional LANs. High-Speed Ethernet-Like LANs, FDDI. ATM LANs. Wireless LANs. Network performance and management."
    },
    {
      "course name": "CSCE 436L/4314 - Local Area Networks Lab (1 cr.)",
      "prereq": "NaN",
      "prereq or concurrent": "NaN",
      "concurrent": "CSCE 4313",
      "time requirement": "NaN",
      "Approval": "NaN",
      "Offered": "Spring",
      "Description": "he laboratory will cover experiments in Local Area Networks to support and illustrate the material of the course CSCE 4313 ."
    },
    {
      "course name": "CSCE 000/4315 - Internet of Things Networking Protocols (3 cr.)",
      "prereq": "CSCE 2202\u00a0",
      "prereq or concurrent": "NaN",
      "concurrent": "NaN",
      "time requirement": "NaN",
      "Approval": "NaN",
      "Offered": "Fall and Spring",
      "Description": "Covers introduction to networking fundamentals, Internet of Things (IoT) performance metrics, energy-efficient networking, IoT link layer protocols, e.g., IEEE 802.11, Bluetooth, Bluetooth Low Energy (BLE) and IEEE 802.15.4, IoT network layer protocols, e.g., 6LoWPAN and Routing Protocol for Low Power and Lossy Networks (RPL), transport and application layer protocols, e.g., Constrained Application Protocol (CoAP) and Message Queue Telemetry Transport (MQTT)."
    },
    {
      "course name": "CSCE 446/4421 - Computer Security (3 cr.)",
      "prereq": "CSCE 3401",
      "prereq or concurrent": "NaN",
      "concurrent": "NaN",
      "time requirement": "NaN",
      "Approval": "NaN",
      "Offered": "Occasionally",
      "Description": "Fundamentals of computer security. Identification and authentication. Access control, different approaches for inclusion of a security kernel. Security in UNIX and Windows. How security is broken and how it is evaluated. Distributed systems security, World Wide Web security, and network security. Practical experience to be gained through an assigned project to evaluate the security of a real operational system."
    },
    {
      "course name": "CSCE 453/4501 - Database Systems (3 cr.)",
      "prereq": "CSCE 2501\u00a0",
      "prereq or concurrent": "NaN",
      "concurrent": "NaN",
      "time requirement": "NaN",
      "Approval": "NaN",
      "Offered": "Occasionally",
      "Description": "Advanced relational database theory: functional dependencies, multivalued dependencies, join dependencies, inclusion dependencies. System catalog implementation, query optimization techniques, transaction processing, concurrency control, database security, backup and recovery strategies. Advanced data modeling (e.g. object-oriented databases), distributed and client server architectures, and further exposure to social and ethical issues in databases."
    },
    {
      "course name": "CSCE 456/4502 - Design of Web-based Systems (3 cr.)",
      "prereq": "CSCE 2501 (or MOIS for MICT students)",
      "prereq or concurrent": "NaN",
      "concurrent": "NaN",
      "time requirement": "NaN",
      "Approval": "NaN",
      "Offered": "Fall",
      "Description": "Introduction to the Web as a platform, the Web as an n-tier client-server architecture, basic components of a web-based application, developing static and dynamic web pages. Enhancing Web pages using Scripting languages. Developing Web-based applications. Using Server-extension techniques and tools. Introduction to XML and its associated technologies. Emerging technologies and tools on the web. Wireless Web protocols and techniques."
    },
    {
      "course name": "CSCE 427/4602 - Introduction to Artificial Neural Networks (3 cr.)",
      "prereq": "CSCE 1101 , MACT 2123, MACT 2132 ",
      "prereq or concurrent": "NaN",
      "concurrent": "NaN",
      "time requirement": "NaN",
      "Approval": "NaN",
      "Offered": "Occasionally",
      "Description": "An introduction to basic concepts in the design, analysis, and application for computational neural networks. Mathematical models of biological neurons. Multilayer perceptrons backward error propagation. Hopfield networks and Boltzmann machines. Radial-basis function networks. Kohonen self-organizing feature maps. Adaptive Resonance Theory networks."
    },
    {
      "course name": "CSCE 000/4603 - Fundamentals of Computer Vision (3 cr.)",
      "prereq": "CSCE 1101",
      "prereq or concurrent": "NaN",
      "concurrent": "NaN",
      "time requirement": "NaN",
      "Approval": "NaN",
      "Offered": "Fall and Spring",
      "Description": "Image acquisition, image transformations, gray level operations, histogram equalization, spatial filtering, edge detection, line and circle detection, generalized Hough transform, connected components labeling. Haar features, object detection with Adaboost, applications: face detection, open CV programming."
    },
    {
      "course name": "CSCE 000/4604 - Practical Machine Deep Learning (3 cr.)",
      "prereq": "CSCE 2202, MACT 1122 ",
      "prereq or concurrent": "NaN",
      "concurrent": "NaN",
      "time requirement": "NaN",
      "Approval": "NaN",
      "Offered": "Fall and Spring",
      "Description": "Supervised and Unsupervised learning, Logistic and soft-max regression, Perception and multilayer neural networks, Back-propagation, Convolutional Neural Network (CNN), Recurrent Neural Network, Generative models, Reinforcement Learning, case studies."
    },
    {
      "course name": "CSCE 455/4621 - Computer Graphics (3 cr.)",
      "prereq": "CSCE 1101 , MACT 2132 ",
      "prereq or concurrent": "NaN",
      "concurrent": "NaN",
      "time requirement": "NaN",
      "Approval": "NaN",
      "Offered": "Occasionally",
      "Description": "Overview of graphic systems and interactive devices. Output primitives and their attributes. Two-dimensional transformations, segments, windowing, and clipping. Introduction to three-dimensional representation and viewing."
    },
    {
      "course name": "CSCE 441/4701 - Object-Oriented Analysis and Design (3 cr.)",
      "prereq": "CSCE 3701",
      "prereq or concurrent": "NaN",
      "concurrent": "NaN",
      "time requirement": "NaN",
      "Approval": "NaN",
      "Offered": "Occasionally",
      "Description": "The structure of complex systems. The evolution and elements of the object model. The nature of objects and classes. Relationships among classes and objects. Object-oriented analysis and design. Putting key object-oriented techniques to work in constructing large-scale software systems. Case studies covered to demonstrate the use of an object-oriented development process in the construction of software systems. Object-oriented metrics. Testing object-oriented software. Performance evaluation. Advanced topics including design patterns and component-based software development."
    },
    {
      "course name": "CSCE 448/4702 - Secure Systems Engineering (3 cr.)",
      "prereq": "CSCE 3701 and CSCE 3401 ",
      "prereq or concurrent": "NaN",
      "concurrent": "NaN",
      "time requirement": "NaN",
      "Approval": "NaN",
      "Offered": "Fall and Spring",
      "Description": "This course introduces the main security problems found in contemporary systems and addresses how such problems are introduced and how we may work towards their eradication. The course enables students to treat security issues as an important and integral part of system design and development. It also provides them with a solid understanding of the basic ideas and techniques used in assessing and addressing security risks."
    },
    {
      "course name": "CSCE 495/4910 - Guided Studies in Computer Science and Engineering (1-3 cr.)",
      "prereq": "NaN",
      "prereq or concurrent": "NaN",
      "concurrent": "NaN",
      "time requirement": "NaN",
      "Approval": "Instructor Approval",
      "Offered": "Fall and Spring",
      "Description": "Under the guidance of a faculty member, the student carries on a reading, research, or a project on a specific computer-science topic. The student will present his/her results by submitting a report or passing an examination as determined by the supervisor."
    },
    {
      "course name": "CSCE 485/4930 - Selected Topics in Computer Science and Engineering (1-3 cr.)",
      "prereq": "NaN",
      "prereq or concurrent": "NaN",
      "concurrent": "NaN",
      "time requirement": "NaN",
      "Approval": "Junior Standing",
      "Offered": "Fall and Spring",
      "Description": "Topics chosen according to special interests of faculty and major students. May be repeated for credit more than once if content changes."
    },
    {
      "course name": "ECNG 413/4103 - Testing of Digital Circuits (3 cr.)",
      "prereq": "ECNG 2101",
      "prereq or concurrent": "NaN",
      "concurrent": "NaN",
      "time requirement": "NaN",
      "Approval": "NaN",
      "Offered": "Occasionally",
      "Description": "Basic concepts behind testing digital circuits. Causes of permanent and temporary failures. Test pattern generation techniques including exhaustive, Pseudo-exhaustive, Path sensitization, Critical path, Random and Pseudo-random Testing. Design for testability methods for testing Integrated Circuits. Techniques for testing Printed circuit boards."
    },
    {
      "course name": "ECNG 494/4930 - Selected Topics in Electronics and Communications Engineering (3 cr.)",
      "prereq": "NaN",
      "prereq or concurrent": "NaN",
      "concurrent": "NaN",
      "time requirement": "NaN",
      "Approval": "Sebuir Standing",
      "Offered": "Occasionally",
      "Description": "Course content will be selected each semester from current developments in the field of electronics engineering."
    },
    {
      "course name": "MACT 304/3143 - Numerical Methods (3 cr.)",
      "prereq": "NaN",
      "prereq or concurrent": " CSCE 1001, MACT 2141, MACT 2132 ",
      "concurrent": "NaN",
      "time requirement": "NaN",
      "Approval": "NaN",
      "Offered": "Once a year",
      "Description": "Number systems and types of errors. Solution of nonlinear equations. Interpolation and the Lagrange Polynomial. Systems of linear equations. Numerical Differentiation and integration. Numerical solutions of ordinary differential equations: Runge Kutta and Multistep Methods. Numerical solutions of partial differential equations: finite difference and elements of the Spectral Method. The course includes a programming based project."
    },
    {
      "course name": "MACT 362/4133 - Formal and Mathematical Logic (3 cr.)",
      "prereq": "MACT 2131",
      "prereq or concurrent": "NaN",
      "concurrent": "NaN",
      "time requirement": "NaN",
      "Approval": "NaN",
      "Offered": "Occasionally",
      "Description": "Introduction to the goals and methods of mathematical logic. Propositional and predicate calculus (first order logic) are presented in detail. Goedel’s completeness and incompleteness theorems, and some of the philosophico-mathematical problems in set theory, and alternative logics are discussed."
    },
    {
      "course name": "MACT 403/4134 - Modern Algebra (3 cr.)",
      "prereq": "MACT 2131 ,MACT 2132 , or consent of instructor.",
      "prereq or concurrent": "NaN",
      "concurrent": "NaN",
      "time requirement": "NaN",
      "Approval": "Instructor Approval (bypasses prereqs)",
      "Offered": "Once a year",
      "Description": "Sets, integers, groups. Integral domains. Fields. Rings and ideals. Homomorphisms. Quotient groups and quotient rings."
    },
    {
      "course name": "MACT 440/4135 - Graph Theory (3 cr.)",
      "prereq": "MACT 2131",
      "prereq or concurrent": "NaN",
      "concurrent": "NaN",
      "time requirement": "NaN",
      "Approval": "NaN",
      "Offered": "Occasionally",
      "Description": "Set-theoretic definition of a graph. Bipartite graph, directed acyclic graph, and tournament. Matchings, Hall’s Theorem and Berge’s Theorem, as well as the algorithms of Prim, Dijkstra, Kruskal, and Ford-Fulkerson. Trees, connectivity and Menger’s Theorem. Planarity and chromatic number. Choice of topics among: Graph Ramsey Theory, dynamic programming, Bayesian Belief Propagation, and treewidth."
    },
    {
      "course name": "MACT 406/4212 - Stochastic Processes (3 cr.)",
      "prereq": "MACT 2132,\u00a0MACT 2141, (\u00a0MACT 3211\u00a0or\u00a0MACT 3224\u00a0)",
      "prereq or concurrent": "NaN",
      "concurrent": "NaN",
      "time requirement": "NaN",
      "Approval": "NaN",
      "Offered": "Once a year",
      "Description": "Introduction to stochastic process, discrete time Markov chain, Poisson process, Compound Poisson Processes and Renewal Processes, continuous-time Markov Chain, Transition probabilities and limiting behavior for Markov Chains, Martingales, Brownian Motion, applications in finance and insurance."
    },
    {
      "course name": "MGMT 307/3201 - Management Fundamentals (3 cr.)",
      "prereq": "NaN",
      "prereq or concurrent": "NaN",
      "concurrent": "NaN",
      "time requirement": "NaN",
      "Approval": "NaN",
      "Offered": "Fall and Spring",
      "Description": "Aims at acquainting the student with the basic management functions and processes with a focus on planning, organizing, leading and controlling. Stresses how communication, motivation, and teamwork affect the organization, how organizations are managed, and how managers apply their skills and knowledge to meet the organizational objectives. Emphasis on the environmental constraints imposed on the Egyptian manager and applying principles of management in Egyptian enterprises."
    },
    {
      "course name": "CHEM 105/1005 - General Chemistry I (3 cr.)",
      "prereq": "Thanawiya Amma Science or equivalent.",
      "prereq or concurrent": "NaN",
      "concurrent": "NaN",
      "time requirement": "NaN",
      "Approval": "NaN",
      "Offered": "Fall and Spring",
      "Description": "Chemical stoichiometry; atomic structure and periodicity; an overview of chemical bonding with a discussion of models and theories of covalent bonding; introduction to structure and chemistry of organic compounds."
    }
  ]