[
    {
      "course name": "CHEM 115L/1015 - General Chemistry Laboratory (1 cr.)",
      "CRN": "30053",
      "Section": "01",
      "Days": "U",
      "Time": "10:00 am-12:50 pm",
      "Instructor": "TBA",
      "Location": "SSE P101"
    },
    {
        "course name": "CHEM 115L/1015 - General Chemistry Laboratory (1 cr.)",
        "CRN": "30054",
        "Section": "02",
        "Days": "U",
        "Time": "02:00 pm-04:50 pm",
        "Instructor": "TBA",
        "Location": "SSE P101"
    },
    {
        "course name": "CHEM 115L/1015 - General Chemistry Laboratory (1 cr.)",
        "CRN": "30055",
        "Section": "03",
        "Days": "W",
        "Time": "10:00 am-12:50 pm",
        "Instructor": "TBA",
        "Location": "SSE P101"
    },
    {
        "course name": "CHEM 115L/1015 - General Chemistry Laboratory (1 cr.)",
        "CRN": "30056",
        "Section": "04",
        "Days": "W",
        "Time": "02:00 pm-04:50 pm",
        "Instructor": "TBA",
        "Location": "SSE P101"
    },
    {
        "course name": "CHEM 115L/1015 - General Chemistry Laboratory (1 cr.)",
        "CRN": "30057",
        "Section": "05",
        "Days": "T",
        "Time": "08:30 am-11:20 am",
        "Instructor": "TBA",
        "Location": "SSE P101"
    },
    {
        "course name": "CHEM 115L/1015 - General Chemistry Laboratory (1 cr.)",
        "CRN": "30058",
        "Section": "06",
        "Days": "T",
        "Time": "11:30 am-02:20 pm",
        "Instructor": "TBA",
        "Location": "SSE P101"
    },
    {
        "course name": "CHEM 115L/1015 - General Chemistry Laboratory (1 cr.)",
        "CRN": "30059",
        "Section": "07",
        "Days": "T",
        "Time": "02:30 pm-05:20 pm",
        "Instructor": "TBA",
        "Location": "SSE P101"
    },
    {
        "course name": "CHEM 115L/1015 - General Chemistry Laboratory (1 cr.)",
        "CRN": "30060",
        "Section": "08",
        "Days": "M",
        "Time": "10:00 am-12:50 pm",
        "Instructor": "TBA",
        "Location": "SSE P101"
    },
    {
        "course name": "CHEM 115L/1015 - General Chemistry Laboratory (1 cr.)",
        "CRN": "30061",
        "Section": "09",
        "Days": "M",
        "Time": "02:00 pm-04:50 pm",
        "Instructor": "TBA",
        "Location": "SSE P101"
    },
    {
        "course name": "CHEM 115L/1015 - General Chemistry Laboratory (1 cr.)",
        "CRN": "30062",
        "Section": "10",
        "Days": "R",
        "Time": "10:00 am-12:50 pm",
        "Instructor": "TBA",
        "Location": "SSE P101"
    },
    {
        "course name": "CHEM 115L/1015 - General Chemistry Laboratory (1 cr.)",
        "CRN": "30244",
        "Section": "11",
        "Days": "R",
        "Time": "02:00 pm-04:50 pm",
        "Instructor": "TBA",
        "Location": "SSE P101"
    },
    {
      "course name": "ENGR 000/2105 - Engineering Mechanics (3 cr.)",
      "CRN": "31207",
      "Section": "01",
      "Days": "WU",
      "Time": "08:30 am-09:45 am",
      "Instructor": "Abdelmaged Essawey",
      "Location": "SSE CP42"
    },
    {
        "course name": "ENGR 000/2105 - Engineering Mechanics (3 cr.)",
        "CRN": "31301",
        "Section": "02",
        "Days": "WU",
        "Time": "10:00 am-11:15 am",
        "Instructor": "Abdelmaged Essawey",
        "Location": "SSE CP46"
    },
    {
        "course name": "ENGR 000/2105 - Engineering Mechanics (3 cr.)",
        "CRN": "31463",
        "Section": "03",
        "Days": "MR",
        "Time": "10:00 am-11:15 am",
        "Instructor": "Sherif Fakher",
        "Location": "WALEED CP71"
    },
    {
      "course name": "ENGR 345/3222 - Engineering Economy (3 cr.)",
      "CRN": "30885",
      "Section": "01",
      "Days": "WU",
      "Time": "10:00 am-11:15 am",
      "Instructor": "Mohamed Fathy Badran",
      "Location": "SSE CP21"
    },
    {
      "course name": "ENGR 345/3222 - Engineering Economy (3 cr.)",
      "CRN": "30284",
      "Section": "02",
      "Days": "MR",
      "Time": "11:30 am-12:45 pm",
      "Instructor": "Ibrahim Abotaleb",
      "Location": "WALEED CP74"
    },
    {
        "course name": "ENGR 345/3222 - Engineering Economy (3 cr.)",
        "CRN": "30260",
        "Section": "03",
        "Days": "MR",
        "Time": "02:00 pm-03:15 pm",
        "Instructor": "Salah R.M. Alagha",
        "Location": "SSE CP21"
    },
    {
        "course name": "ENGR 345/3222 - Engineering Economy (3 cr.)",
        "CRN": "30276",
        "Section": "04",
        "Days": "MR",
        "Time": "03:30 pm-04:45 pm",
        "Instructor": "Salah R.M. Alagha",
        "Location": "SSE CP33"
    },
    {
      "course name": "MACT 1121 - Calculus I (3 cr.)",
      "CRN": "32184",
      "Section": "03",
      "Days": "MR",
      "Time": "02:00 pm-03:15 pm",
      "Instructor": "Salwa Mostafa (P)",
      "Location": "HATEM C118"
    },
    {
      "course name": "MACT 1121 - Calculus I (3 cr.)",
      "CRN": "32185",
      "Section": "04",
      "Days": "MR",
      "Time": "03:30 pm-04:45 pm",
      "Instructor": "Salwa Mostafa (P)",
      "Location": "SSE CP18"
    },
    {
      "course name": "MACT 1121 - Calculus I (3 cr.)",
      "CRN": "31071",
      "Section": "05",
      "Days": "WU",
      "Time": "02:00 pm-03:15 pm",
      "Instructor": "Eslam Badr (P)",
      "Location": "WALEED CP75"
    },
    {
      "course name": "MACT 1121 - Calculus I (3 cr.)",
      "CRN": "31205",
      "Section": "06",
      "Days": "WU",
      "Time": "11:30 am-12:45 pm",
      "Instructor": "Eslam Badr (P)",
      "Location": "SSE CP37"
    },
    {
      "course name": "MACT 1121 - Calculus I (3 cr.)",
      "CRN": "32183",
      "Section": "07",
      "Days": "MR",
      "Time": "10:00 am-11:15 am",
      "Instructor": "Minas Nagy Assaad Guirguis (P)",
      "Location": "HATEM C201"
    },
    {
      "course name": "MACT 1121 - Calculus I (3 cr.)",
      "CRN": "31660",
      "Section": "08",
      "Days": "WU",
      "Time": "10:00 am-11:15 am",
      "Instructor": "Eslam Badr (P)",
      "Location": "WALEED CP57"
    },
    {
        "course name": "MACT 1122 - Calculus II (3 cr.)",
        "CRN": "30139",
        "Section": "01",
        "Days": "WU",
        "Time": "08:30 am-09:45 am",
        "Instructor": "Amani Aziz El-Gammal (P)",
        "Location": "JAMEEL CP03"
    },
    {
        "course name": "MACT 1122 - Calculus II (3 cr.)",
        "CRN": "30140",
        "Section": "02",
        "Days": "WU",
        "Time": "10:00 am-11:15 am",
        "Instructor": "Amani Aziz El-Gammal (P)",
        "Location": "WALEED C135"
    },
    {
        "course name": "MACT 1122 - Calculus II (3 cr.)",
        "CRN": "30141",
        "Section": "03",
        "Days": "WU",
        "Time": "02:00 pm-03:15 pm",
        "Instructor": "Waled Emam (P)",
        "Location": "SSE CP31"
    },
    {
        "course name": "MACT 1122 - Calculus II (3 cr.)",
        "CRN": "32186",
        "Section": "04",
        "Days": "MR",
        "Time": "08:30 am-09:45 am",
        "Instructor": "Areeg Abdalla (P)",
        "Location": "SSE CP30"
    },
    {
        "course name": "MACT 1122 - Calculus II (3 cr.)",
        "CRN": "30306",
        "Section": "05",
        "Days": "MR",
        "Time": "02:00 pm-03:15 pm",
        "Instructor": "Ahmed Mostafa (P)",
        "Location": "JAMEEL C103"
    },
    {
        "course name": "MACT 1122 - Calculus II (3 cr.)",
        "CRN": "31112",
        "Section": "06",
        "Days": "WU",
        "Time": "11:30 am-12:45 pm",
        "Instructor": "Waled Emam (P)",
        "Location": "SSE CP35"
    },
    {
        "course name": "MACT 1122 - Calculus II (3 cr.)",
        "CRN": "30554",
        "Section": "07",
        "Days": "MR",
        "Time": "11:30 am-12:45 pm",
        "Instructor": "Areeg Abdalla (P)",
        "Location": "WALEED C152"
    },
    {
        "course name": "MACT 1122 - Calculus II (3 cr.)",
        "CRN": "32187",
        "Section": "08",
        "Days": "MR",
        "Time": "02:00 pm-03:15 pm",
        "Instructor": "Ahmed Essam (P)",
        "Location": "WALEED CP57"
    },
    {
        "course name": "MACT 1122 - Calculus II (3 cr.)",
        "CRN": "30911",
        "Section": "09",
        "Days": "MR",
        "Time": "10:00 am-11:15 am",
        "Instructor": "Abeer Kamel (P)",
        "Location": "JAMEEL C108"
    },
    {
        "course name": "MACT 1122 - Calculus II (3 cr.)",
        "CRN": "31219",
        "Section": "10",
        "Days": "MR",
        "Time": "08:30 am-09:45 am",
        "Instructor": "Abeer Kamel (P)",
        "Location": "SSE CP37"
    },
    {
        "course name": "MACT 1122 - Calculus II (3 cr.)",
        "CRN": "31221",
        "Section": "11",
        "Days": "MR",
        "Time": "03:30 pm-04:45 pm",
        "Instructor": "Ahmed Mostafa (P)",
        "Location": "HATEM C125"
    },
        {
        "course name": "MACT 1122 - Calculus II (3 cr.)",
        "CRN": "31885",
        "Section": "13",
        "Days": "MR",
        "Time": "03:30 pm-04:45 pm",
        "Instructor": "Ahmed Essam (P)",
        "Location": "JAMEEL CP09"
    },
    {
      "course name": "MACT 231/2123 - Calculus III (3 cr.)",
      "CRN": "30143",
      "Section": "01",
      "Days": "WU",
      "Time": "10:00 am-11:15 am",
      "Instructor": "Wafik Boulos Lotfallah (P)",
      "Location": "WALEED C129"
    },
    {
        "course name": "MACT 231/2123 - Calculus III (3 cr.)",
        "CRN": "30144",
        "Section": "02",
        "Days": "MR",
        "Time": "03:30 pm-04:45 pm",
        "Instructor": "Ahmed El Sonbaty (P)",
        "Location": "SSE CP31"
    },
    {
        "course name": "MACT 231/2123 - Calculus III (3 cr.)",
        "CRN": "30297",
        "Section": "04",
        "Days": "MR",
        "Time": "10:00 am-11:15 am",
        "Instructor": "Hany El-Hosseiny (P)",
        "Location": "HATEM C116"
    },
    {
        "course name": "MACT 231/2123 - Calculus III (3 cr.)",
        "CRN": "31890",
        "Section": "06",
        "Days": "MR",
        "Time": "02:00 pm-03:15 pm",
        "Instructor": "Ahmed El Sonbaty (P)",
        "Location": "SSE CP20"
    },
    {
      "course name": "MACT 200/2131 - Discrete Mathematics (3 cr.)",
      "CRN": "30142",
      "Section": "01",
      "Days": "MR",
      "Time": "02:00 pm-03:15 pm",
      "Instructor": "Daoud Nasri Siniora (P)",
      "Location": "WALEED CP71"
    },
    {
        "course name": "MACT 200/2131 - Discrete Mathematics (3 cr.)",
        "CRN": "31662",
        "Section": "02",
        "Days": "MR",
        "Time": "11:30 am-12:45 pm",
        "Instructor": "Daoud Nasri Siniora (P)",
        "Location": "WALEED CP137"
    },
    {
        "course name": "MACT 200/2131 - Discrete Mathematics (3 cr.)",
        "CRN": "31224",
        "Section": "03",
        "Days": "MR",
        "Time": "10:00 am-11:15 am",
        "Instructor": "Daoud Nasri Siniora (P)",
        "Location": "WALEED CP148"
    },
    {
      "course name": "MACT 240/2132 - Linear Algebra (3 cr.)",
      "CRN": "30907",
      "Section": "02",
      "Days": "MR",
      "Time": "11:30 am-12:45 pm",
      "Instructor": "Isabel Muller (P)",
      "Location": "WALEED CP57"
    },
    {
      "course name": "MACT 240/2132 - Linear Algebra (3 cr.)",
      "CRN": "31289",
      "Section": "04",
      "Days": "MR",
      "Time": "10:00 am-11:15 am",
      "Instructor": "Isabel Muller (P)",
      "Location": "WALEED CP74"
    },
    {
        "course name": "MACT 2141 - Differential Equations (3 cr.)",
        "CRN": "30146",
        "Section": "01",
        "Days": "WU",
        "Time": "02:00 pm-03:15 pm",
        "Instructor": "Walaa El Sharkawy (P)",
        "Location": "WALEED C137"
    },
    {
        "course name": "MACT 2141 - Differential Equations (3 cr.)",
        "CRN": "30147",
        "Section": "02",
        "Days": "WU",
        "Time": "03:30 pm-04:45 pm",
        "Instructor": "Walaa El Sharkawy (P)",
        "Location": "SSE CP37"
    },
    {
        "course name": "MACT 2141 - Differential Equations (3 cr.)",
        "CRN": "30148",
        "Section": "03",
        "Days": "MR",
        "Time": "05:00 pm-06:15 pm",
        "Instructor": "Youssri Hassan Youssri (P)",
        "Location": "SSE CP40"
    },
    {
        "course name": "MACT 2141 - Differential Equations (3 cr.)",
        "CRN": "30149",
        "Section": "04",
        "Days": "WU",
        "Time": "08:30 am-09:45 am",
        "Instructor": "Wafik Boulos Lotfallah (P)",
        "Location": "HATEM C123"
    },
    {
        "course name": "MACT 2141 - Differential Equations (3 cr.)",
        "CRN": "32188",
        "Section": "05",
        "Days": "MR",
        "Time": "10:00 am-11:15 am",
        "Instructor": "Maha Muttardi (P)",
        "Location": "HATEM C117"
    },
    {
        "course name": "MACT 2141 - Differential Equations (3 cr.)",
        "CRN": "32189",
        "Section": "06",
        "Days": "MR",
        "Time": "08:30 am-09:45 am",
        "Instructor": "Maha Muttardi (P)",
        "Location": "WALEED C150"
    },
    {
        "course name": "MACT 2141 - Differential Equations (3 cr.)",
        "CRN": "31228",
        "Section": "07",
        "Days": "MR",
        "Time": "03:30 pm-04:45 pm",
        "Instructor": "Youssri Hassan Youssri (P)",
        "Location": "SSE CP29"
    },
    {
        "course name": "MACT 3224 - Probability and Statistics (3 cr.)",
        "CRN": "30151",
        "Section": "01",
        "Days": "WU",
        "Time": "10:00 am-11:15 am",
        "Instructor": "Rasha Bahgat El Kholy (P)",
        "Location": "SSE CP41"
    },
    {
        "course name": "MACT 3224 - Probability and Statistics (3 cr.)",
        "CRN": "30152",
        "Section": "02",
        "Days": "WU",
        "Time": "08:30 am-09:45 am",
        "Instructor": "Rasha Bahgat El Kholy (P)",
        "Location": "SSE CP47"
    },
    {
        "course name": "MACT 3224 - Probability and Statistics (3 cr.)",
        "CRN": "30275",
        "Section": "03",
        "Days": "MR",
        "Time": "08:30 am-09:45 am",
        "Instructor": "Abd-Elnasser Saad (P)",
        "Location": "WALEED CP75"
    },
    {
        "course name": "MACT 3224 - Probability and Statistics (3 cr.)",
        "CRN": "30307",
        "Section": "04",
        "Days": "MR",
        "Time": "10:00 am-11:15 am",
        "Instructor": "Abd-Elnasser Saad (P)",
        "Location": "WALEED CP75"
    },
    {
        "course name": "MACT 3224 - Probability and Statistics (3 cr.)",
        "CRN": "31664",
        "Section": "06",
        "Days": "WU",
        "Time": "10:00 am-11:15 am",
        "Instructor": "TBA",
        "Location": "SSE CP33"
    },
    {
        "course name": "PHYS 1011 - Physics 1: Classical Mechanics, Sound and Heat (3 cr.)",
        "CRN": "30194",
        "Section": "01",
        "Days": "WU",
        "Time": "08:30 am-09:45 am",
        "Instructor": "TBA",
        "Location": "SSE CP46"
    },
    {
        "course name": "PHYS 1011 - Physics 1: Classical Mechanics, Sound and Heat (3 cr.)",
        "CRN": "30195",
        "Section": "02",
        "Days": "WU",
        "Time": "11:30 am-12:45 pm",
        "Instructor": "TBA",
        "Location": "HATEM C201"
    },
    {
        "course name": "PHYS 1011 - Physics 1: Classical Mechanics, Sound and Heat (3 cr.)",
        "CRN": "30197",
        "Section": "04",
        "Days": "MR",
        "Time": "08:30 am-09:45 am",
        "Instructor": "TBA",
        "Location": "HATEM C118"
    },
    {
        "course name": "PHYS 1011 - Physics 1: Classical Mechanics, Sound and Heat (3 cr.)",
        "CRN": "30198",
        "Section": "05",
        "Days": "MR",
        "Time": "11:30 am-12:45 pm",
        "Instructor": "TBA",
        "Location": "SSE CP48"
    },
    {
        "course name": "PHYS 1011 - Physics 1: Classical Mechanics, Sound and Heat (3 cr.)",
        "CRN": "32064",
        "Section": "07",
        "Days": "WU",
        "Time": "10:00 am-11:15 am",
        "Instructor": "TBA",
        "Location": "WALEED C152"
    },
    {
        "course name": "PHYS 1011 - Physics 1: Classical Mechanics, Sound and Heat (3 cr.)",
        "CRN": "32066",
        "Section": "09",
        "Days": "MR",
        "Time": "10:00 am-11:15 am",
        "Instructor": "TBA",
        "Location": "SSE CP22"
    },
    {
        "course name": "PHYS 1012 - General Physics Laboratory I (1 cr.)",
        "CRN": "30204",
        "Section": "01",
        "Days": "WU",
        "Time": "10:00 am-11:15 am",
        "Instructor": "TBA",
        "Location": "SSE 1175"
    },
    {
        "course name": "PHYS 1012 - General Physics Laboratory I (1 cr.)",
        "CRN": "30205",
        "Section": "02",
        "Days": "WU",
        "Time": "02:00 pm-03:15 pm",
        "Instructor": "TBA",
        "Location": "SSE 1175"
    },
    {
        "course name": "PHYS 1012 - General Physics Laboratory I (1 cr.)",
        "CRN": "30207",
        "Section": "04",
        "Days": "MR",
        "Time": "10:00 am-11:30 am",
        "Instructor": "TBA",
        "Location": "SSE 1175"
    },
    {
        "course name": "PHYS 1012 - General Physics Laboratory I (1 cr.)",
        "CRN": "30208",
        "Section": "05",
        "Days": "MR",
        "Time": "02:00 pm-03:15 pm",
        "Instructor": "TBA",
        "Location": "SSE 1175"
    },
    {
        "course name": "PHYS 1012 - General Physics Laboratory I (1 cr.)",
        "CRN": "32068",
        "Section": "07",
        "Days": "WU",
        "Time": "11:30 am-12:45 pm",
        "Instructor": "TBA",
        "Location": "TBA"
    },
    {
        "course name": "PHYS 1012 - General Physics Laboratory I (1 cr.)",
        "CRN": "32070",
        "Section": "09",
        "Days": "MR",
        "Time": "11:30 am-12:45 pm",
        "Instructor": "TBA",
        "Location": "TBA"
    },
    {
        "course name": "PHYS 1012 - General Physics Laboratory I (1 cr.)",
        "CRN": "31016",
        "Section": "11",
        "Days": "T",
        "Time": "08:30 am-11:25 am",
        "Instructor": "TBA",
        "Location": "SSE 1175"
    },
    {
        "course name": "PHYS 112/1021 - Physics 2: Electricity and Magnetism (3 cr.)",
        "CRN": "30200",
        "Section": "01",
        "Days": "WU",
        "Time": "08:30 am-09:45 am",
        "Instructor": "TBA",
        "Location": "WALEED CP72"
    },
    {
        "course name": "PHYS 112/1021 - Physics 2: Electricity and Magnetism (3 cr.)",
        "CRN": "30201",
        "Section": "02",
        "Days": "WU",
        "Time": "11:30 am-12:45 pm",
        "Instructor": "TBA",
        "Location": "HATEM C126"
    },
    {
        "course name": "PHYS 112/1021 - Physics 2: Electricity and Magnetism (3 cr.)",
        "CRN": "30203",
        "Section": "04",
        "Days": "MR",
        "Time": "08:30 am-09:45 am",
        "Instructor": "TBA",
        "Location": "WALEED CP72"
    },
    {
        "course name": "PHYS 112/1021 - Physics 2: Electricity and Magnetism (3 cr.)",
        "CRN": "30757",
        "Section": "05",
        "Days": "MR",
        "Time": "11:30 am-12:45 pm",
        "Instructor": "TBA",
        "Location": "SSE CP23"
    },
    {
        "course name": "PHYS 112/1021 - Physics 2: Electricity and Magnetism (3 cr.)",
        "CRN": "32072",
        "Section": "07",
        "Days": "WU",
        "Time": "10:00 am-11:15 am",
        "Instructor": "TBA",
        "Location": "SSE CP44"
    },
    {
        "course name": "PHYS 124L/1022 - General Physics Laboratory II (1 cr.)",
        "CRN": "30210",
        "Section": "01",
        "Days": "WU",
        "Time": "10:00 am-11:15 am",
        "Instructor": "TBA",
        "Location": "SSE 1172"
    },
    {
        "course name": "PHYS 124L/1022 - General Physics Laboratory II (1 cr.)",
        "CRN": "30211",
        "Section": "02",
        "Days": "WU",
        "Time": "02:00 pm-03:15 pm",
        "Instructor": "TBA",
        "Location": "SSE 1172"
    },
    {
        "course name": "PHYS 124L/1022 - General Physics Laboratory II (1 cr.)",
        "CRN": "30213",
        "Section": "04",
        "Days": "MR",
        "Time": "10:00 am-11:15 am",
        "Instructor": "TBA",
        "Location": "SSE 1172"
    },
    {
        "course name": "PHYS 124L/1022 - General Physics Laboratory II (1 cr.)",
        "CRN": "30214",
        "Section": "05",
        "Days": "MR",
        "Time": "02:00 pm-03:15 pm",
        "Instructor": "TBA",
        "Location": "SSE 1172"
    },
    {
        "course name": "PHYS 124L/1022 - General Physics Laboratory II (1 cr.)",
        "CRN": "32076",
        "Section": "07",
        "Days": "WU",
        "Time": "11:30 am-12:45 pm",
        "Instructor": "TBA",
        "Location": "TBA"
    },
    {
      "course name": "PHYS 215/2211 - Introduction to Electronics (3 cr.)",
      "CRN": "30217",
      "Section": "02",
      "Days": "MR",
      "Time": "11:30 am-12:45 pm",
      "Instructor": "TBA",
      "Location": "SSE CP47"
    },
    {
      "course name": "PHYS 222L/2213 - Electronics Lab (1 cr.)",
      "CRN": "31551",
      "Section": "01",
      "Days": "T",
      "Time": "08:30 am-11:25 am",
      "Instructor": "TBA",
      "Location": "SSE 1170"
    },
    {
        "course name": "PHYS 222L/2213 - Electronics Lab (1 cr.)",
        "CRN": "30331",
        "Section": "02",
        "Days": "T",
        "Time": "11:30 am-12:45 pm",
        "Instructor": "TBA",
        "Location": "SSE 1170"
    },
    {
        "course name": "PHYS 222L/2213 - Electronics Lab (1 cr.)",
        "CRN": "31017",
        "Section": "03",
        "Days": "T",
        "Time": "02:30 pm-05:20 pm",
        "Instructor": "TBA",
        "Location": "SSE 1170"
    },
    {
        "course name": "CSCE 106/1001 - Fundamentals of Computing I (3 cr.)",
        "CRN": "30065",
        "Section": "01",
        "Days": "MR",
        "Time": "11:30 am-12:45 pm",
        "Instructor": "Mikhail Naguib Mikhail (P)",
        "Location": "SSE CP34"
    },
    {
        "course name": "CSCE 106/1001 - Fundamentals of Computing I (3 cr.)",
        "CRN": "30066",
        "Section": "02",
        "Days": "MR",
        "Time": "02:00 pm-03:15 pm",
        "Instructor": "Mikhail Naguib Mikhail (P)",
        "Location": "JAMEEL CP04"
    },
    {
        "course name": "CSCE 106/1001 - Fundamentals of Computing I (3 cr.)",
        "CRN": "30067",
        "Section": "03",
        "Days": "MR",
        "Time": "10:00 am-11:15 am",
        "Instructor": "Hanan El Naghy (P)",
        "Location": "SSE 2167"
    },
    {
        "course name": "CSCE 106/1001 - Fundamentals of Computing I (3 cr.)",
        "CRN": "30068",
        "Section": "04",
        "Days": "WU",
        "Time": "08:30 am-09:45 am",
        "Instructor": "Ghada Moussa Bahig (P)",
        "Location": "SSE CP21"
    },
    {
        "course name": "CSCE 106/1001 - Fundamentals of Computing I (3 cr.)",
        "CRN": "30069",
        "Section": "05",
        "Days": "WU",
        "Time": "08:30 am-09:45 am",
        "Instructor": "Hazem Mohsen Badawy (P)",
        "Location": "SSE CP33"
    },
    {
        "course name": "CSCE 106/1001 - Fundamentals of Computing I (3 cr.)",
        "CRN": "30070",
        "Section": "06",
        "Days": "WU",
        "Time": "02:00 pm-03:15 pm",
        "Instructor": "Alia Alaa El Bolock (P)",
        "Location": "SSE CP47"
    },
    {
        "course name": "CSCE 106/1001 - Fundamentals of Computing I (3 cr.)",
        "CRN": "30071",
        "Section": "07",
        "Days": "MR",
        "Time": "08:30 am-09:45 am",
        "Instructor": "Amr Hussein Badr El Din (P)",
        "Location": "SSE CP34"
    },
    {
        "course name": "CSCE 106/1001 - Fundamentals of Computing I (3 cr.)",
        "CRN": "31387",
        "Section": "08",
        "Days": "WU",
        "Time": "11:30 am-12:45 pm",
        "Instructor": "Tamer Abdel Mottalib Farid ElBatt (P)",
        "Location": "SSE CP21"
    },
    {
      "course name": "CSCE 110/1101 - Fundamentals of Computing II (3 cr.)",
       "CRN": "30072",
       "Section": "01",
       "Days": "MR",
       "Time": "02:00 pm-03:15 pm",
       "Instructor": "Howaida Farouk Ismaeel (P)",
       "Location": "SSE CP42"
    },
    {
      "course name": "CSCE 110/1101 - Fundamentals of Computing II (3 cr.)",
       "CRN": "30073",
       "Section": "02",
       "Days": "MR",
       "Time": "03:30 pm-04:45 pm",
       "Instructor": "Howaida Farouk Ismaeel (P)",
       "Location": "SSE CP42"
    },
    {
      "course name": "CSCE 110/1101 - Fundamentals of Computing II (3 cr.)",
       "CRN": "30549",
       "Section": "03",
       "Days": "MR",
       "Time": "10:00 am-11:15 am",
       "Instructor": "Amr Hussein El Mougy (P)",
       "Location": "SSE 2175"
    },
    {
      "course name": "CSCE 110/1101 - Fundamentals of Computing II (3 cr.)",
       "CRN": "30941",
       "Section": "04",
       "Days": "MR",
       "Time": "11:30 am-12:45 pm",
       "Instructor": "Amr Hussein El Mougy (P)",
       "Location": "SSE 2175"
    },
    {
        "course name": "CSCE 000/1102 - Fundamentals of Computing II Lab (1 cr.)",
        "CRN": "30761",
        "Section": "01",
        "Days": "T",
        "Time": "08:30 am-11:20 am",
        "Instructor": "Mohamed Ismail (P)",
        "Location": "TBA"
    },
    {
        "course name": "CSCE 000/1102 - Fundamentals of Computing II Lab (1 cr.)",
        "CRN": "30762",
        "Section": "02",
        "Days": "T",
        "Time": "11:30 am-02:20 pm",
        "Instructor": "Mohamed Ismail (P)",
        "Location": "SSE 2176"
    },
    {
        "course name": "CSCE 000/1102 - Fundamentals of Computing II Lab (1 cr.)",
        "CRN": "30763",
        "Section": "03",
        "Days": "T",
        "Time": "02:30 pm-05:20 pm",
        "Instructor": "Mohamed Ismail (P)",
        "Location": "SSE 2176"
    },
    {
        "course name": "CSCE 000/1102 - Fundamentals of Computing II Lab (1 cr.)",
        "CRN": "32241",
        "Section": "04",
        "Days": "T",
        "Time": "08:30 am-11:20 am",
        "Instructor": "Eman Hamdi (P)",
        "Location": "TBA"
    },
    {
        "course name": "CSCE 000/1102 - Fundamentals of Computing II Lab (1 cr.)",
        "CRN": "30764",
        "Section": "05",
        "Days": "T",
        "Time": "11:30 am-02:20 pm",
        "Instructor": "Eman Hamdi (P)",
        "Location": "SSE 2086"
    },
    {
        "course name": "CSCE 000/1102 - Fundamentals of Computing II Lab (1 cr.)",
        "CRN": "30831",
        "Section": "06",
        "Days": "T",
        "Time": "02:30 pm-05:20 pm",
        "Instructor": "Eman Hamdi (P)",
        "Location": "SSE 2086"
    },
    {
      "course name": "CSCE 321/2202 - Analysis and Design of Algorithms (3 cr.)",
      "CRN": "30749",
      "Section": "01",
      "Days": "WU",
      "Time": "11:30 am-12:45 pm",
      "Instructor": "Nourhan Tarek Sakr (P)",
      "Location": "SSE CP18"
    },
    {
        "course name": "CSCE 321/2202 - Analysis and Design of Algorithms (3 cr.)",
        "CRN": "30752",
        "Section": "02",
        "Days": "WU",
        "Time": "02:00 pm-03:15 pm",
        "Instructor": "Nourhan Tarek Sakr (P)",
        "Location": "SSE CP30"
    },
    {
        "course name": "CSCE 000/2203 - Analysis and Design of Algorithms Lab (1 cr.)",
        "CRN": "30866",
        "Section": "01",
        "Days": "T",
        "Time": "08:30 am-11:20 am",
        "Instructor": "May Shalaby (P)",
        "Location": "TBA"
    },
    {
        "course name": "CSCE 000/2203 - Analysis and Design of Algorithms Lab (1 cr.)",
        "CRN": "31033",
        "Section": "02",
        "Days": "T",
        "Time": "11:30 am-02:20 pm",
        "Instructor": "May Shalaby (P)",
        "Location": "TBA"
    },
    {
        "course name": "CSCE 000/2203 - Analysis and Design of Algorithms Lab (1 cr.)",
        "CRN": "30867",
        "Section": "03",
        "Days": "T",
        "Time": "02:30 pm-05:20 pm",
        "Instructor": "May Shalaby (P)",
        "Location": "TBA"
    },
    {
      "course name": "CSCE 000/2211 - Applied Data Structures (3 cr.)",
      "CRN": "31564",
      "Section": "01",
      "Days": "MR",
      "Time": "10:00 am-11:15 am",
      "Instructor": "Ashraf Abdelraouf (P)",
      "Location": "SSE CP29"
    },
    {
      "course name": "CSCE 000/2211 - Applied Data Structures (3 cr.)",
      "CRN": "31565",
      "Section": "02",
      "Days": "MR",
      "Time": "03:30 pm-04:45 pm",
      "Instructor": "Dina Mahmoud (P)",
      "Location": "SSE CP21"
    },
    {
      "course name": "CSCE 230/2301 - Digital Design I (3 cr.)",
      "CRN": "30074",
      "Section": "01",
      "Days": "WU",
      "Time": "08:30 am-09:45 am",
      "Instructor": "Mohamed Shalan (P)",
      "Location": "SSE CP48"
    },
        {
      "course name": "CSCE 230/2301 - Digital Design I (3 cr.)",
      "CRN": "30650",
      "Section": "02",
      "Days": "MR",
      "Time": "10:00 am-11:15 am",
      "Instructor": "Dina Mahmoud (P)",
      "Location": "HATEM C125"
    },
    {
      "course name": "CSCE 239L/2302 - Digital Design I Lab (1 cr.)",
      "CRN": "31034",
      "Section": "01",
      "Days": "T",
      "Time": "08:30 am-11:20 am",
      "Instructor": "Mohamed Anany (P)",
      "Location": "SSE 2165"
    },
    {
      "course name": "CSCE 239L/2302 - Digital Design I Lab (1 cr.)",
      "CRN": "30492",
      "Section": "02",
      "Days": "T",
      "Time": "11:30 am-02:20 pm",
      "Instructor": "Mohamed Anany (P)",
      "Location": "SSE 2165"
    },
    {
      "course name": "CSCE 239L/2302 - Digital Design I Lab (1 cr.)",
      "CRN": "30651",
      "Section": "03",
      "Days": "T",
      "Time": "05:30 pm-08:20 pm",
      "Instructor": "Suzanne Safwat (P)",
      "Location": "SSE 2165"
    },
    {
      "course name": "CSCE 239L/2302 - Digital Design I Lab (1 cr.)",
      "CRN": "31594",
      "Section": "04",
      "Days": "T",
      "Time": "02:30 pm-05:20 pm",
      "Instructor": "Suzanne Safwat (P)",
      "Location": "SSE 2165"
    },
    {
      "course name": "CSCE 231/2303 - Computer Organization and Assembly Language Programming (3 cr.)",
      "CRN": "30075",
      "Section": "01",
      "Days": "WU",
      "Time": "10:00 am-11:15 am",
      "Instructor": "Mohamed Shalan (P)",
      "Location": "HATEM C117"
    },
    {
      "course name": "CSCE 231/2303 - Computer Organization and Assembly Language Programming (3 cr.)",
      "CRN": "30631",
      "Section": "02",
      "Days": "MR",
      "Time": "08:30 am-09:45 am",
      "Instructor": "Dina Mahmoud (P)",
      "Location": "HATEM C125"
    },
    {
      "course name": "CSCE 253/2501 - Fundamentals of Database Systems (3 cr.)",
      "CRN": "30076",
      "Section": "01",
      "Days": "WU",
      "Time": "11:30 am-12:45 pm",
      "Instructor": "Hossam Samy Elsaid Sharara (P)",
      "Location": "WALEED CP72"
    },
    {
      "course name": "CSCE 253/2501 - Fundamentals of Database Systems (3 cr.)",
      "CRN": "31035",
      "Section": "02",
      "Days": "WU",
      "Time": "02:00 pm-03:15 pm",
      "Instructor": "Hossam Samy Elsaid Sharara (P)",
      "Location": "WALEED C136"
    },
    {
      "course name": "CSCE 330/3301 - Computer Architecture (3 cr.)",
      "CRN": "30078",
      "Section": "01",
      "Days": "MR",
      "Time": "11:30 am-12:45 pm",
      "Instructor": "Cherif Ramzi Salama (P)",
      "Location": "HATEM C118"
    },
    {
      "course name": "CSCE 330/3301 - Computer Architecture (3 cr.)",
      "CRN": "31390",
      "Section": "02",
      "Days": "MR",
      "Time": "02:00 pm-03:15 pm",
      "Instructor": "Cherif Ramzi Salama (P)",
      "Location": "SSE CP29"
    },
    {
      "course name": "CSCE 339L/3302 - Computer Architecture Lab (1 cr.)",
      "CRN": "31118",
      "Section": "01",
      "Days": "T",
      "Time": "08:30 am-11:20 am",
      "Instructor": "Cherif Ramzi Salama (P)",
      "Location": "SSE 2168"
    },
    {
      "course name": "CSCE 339L/3302 - Computer Architecture Lab (1 cr.)",
      "CRN": "30079",
      "Section": "02",
      "Days": "T",
      "Time": "11:30 am-02:20 pm",
      "Instructor": "Cherif Ramzi Salama (P)",
      "Location": "SSE 2168"
    },
    {
      "course name": "CSCE 339L/3302 - Computer Architecture Lab (1 cr.)",
      "CRN": "31036",
      "Section": "03",
      "Days": "T",
      "Time": "02:30 pm-05:20 pm",
      "Instructor": "Cherif Ramzi Salama (P)",
      "Location": "SSE 2168"
    },
    {
      "course name": "CSCE 332/3303 - Fundamental Microelectronics (3 cr.)",
      "CRN": "30825",
      "Section": "01",
      "Days": "WU",
      "Time": "08:30 am-09:45 am",
      "Instructor": "Dalia Selim (P)",
      "Location": "SSE CP34"
    },
    {
      "course name": "CSCE 337/3304 - Digital Design II (3 cr.)",
      "CRN": "30323",
      "Section": "01",
      "Days": "WU",
      "Time": "11:30 am-12:45 pm",
      "Instructor": "Mohamed Shalan (P)",
      "Location": "TBA"
    },
    {
      "course name": "CSCE 435/3312 - Computer Networks (3 cr.)",
      "CRN": "31391",
      "Section": "01",
      "Days": "WU",
      "Time": "10:00 am-11:15 am",
      "Instructor": "Tamer Abdel Mottalib Farid ElBatt (P)",
      "Location": "SSE CP36"
    },
    {
      "course name": "CSCE 439L/3313 - Computer Networks Lab (1 cr.)",
      "CRN": "30868",
      "Section": "01",
      "Days": "T",
      "Time": "08:30 am-11:20 am",
      "Instructor": "Reem Ahmed (P)",
      "Location": "SSE 2175"
    },
    {
      "course name": "CSCE 439L/3313 - Computer Networks Lab (1 cr.)",
      "CRN": "30869",
      "Section": "02",
      "Days": "T",
      "Time": "11:30 am-02:20 pm",
      "Instructor": "Reem Ahmed (P)",
      "Location": "SSE 2175"
    },
    {
      "course name": "CSCE 345/3401 - Operating Systems (3 cr.)",
      "CRN": "30081",
      "Section": "01",
      "Days": "WU",
      "Time": "08:30 am-09:45 am",
      "Instructor": "Amr Ahmed El Kadi (P)",
      "Location": "SSE 2167"
    },
    {
      "course name": "CSCE 345/3401 - Operating Systems (3 cr.)",
      "CRN": "30545",
      "Section": "02",
      "Days": "WU",
      "Time": "10:00 am-11:15 am",
      "Instructor": "Amr Ahmed El Kadi (P)",
      "Location": "SSE 2167"
    },
    {
      "course name": "CSCE 000/3402 - Operating Systems Lab (1 cr.)",
      "CRN": "31038",
      "Section": "01",
      "Days": "T",
      "Time": "08:30 am-11:20 am",
      "Instructor": "Mohamed Alhalaby (P)",
      "Location": "SSE 2167"
    },
    {
      "course name": "CSCE 000/3402 - Operating Systems Lab (1 cr.)",
      "CRN": "31039",
      "Section": "02",
      "Days": "T",
      "Time": "11:30 am-02:20 pm",
      "Instructor": "Mohamed Alhalaby (P)",
      "Location": "SSE 2167"
    },
    {
      "course name": "CSCE 000/3402 - Operating Systems Lab (1 cr.)",
      "CRN": "32245",
      "Section": "03",
      "Days": "T",
      "Time": "02:30 pm-05:20 pm",
      "Instructor": "Mohamed Alhalaby (P)",
      "Location": "TBA"
    },
    {
      "course name": "CSCE 363/3611 - Digital Signal Processing (3 cr.)",
      "CRN": "30324",
      "Section": "01",
      "Days": "MR",
      "Time": "10:00 am-11:15 am",
      "Instructor": "Seif Eldawlatly (P)",
      "Location": "SSE CP40"
    },
    {
      "course name": "CSCE 341/3701 - Software Engineering (3 cr.)",
      "CRN": "30080",
      "Section": "01",
      "Days": "WU",
      "Time": "11:30 am-12:45 pm",
      "Instructor": "Sherif Gamal Eldin Aly (P)",
      "Location": "HATEM C116"
    },
    {
      "course name": "CSCE 341/3701 - Software Engineering (3 cr.)",
      "CRN": "30870",
      "Section": "02",
      "Days": "WU",
      "Time": "02:00 pm-03:15 pm",
      "Instructor": "Sherif Gamal Eldin Aly (P)",
      "Location": "JAMEEL C108"
    },
    {
      "course name": "CSCE 432/4301 - Embedded Systems (3 cr.)",
      "CRN": "30082",
      "Section": "01",
      "Days": "WU",
      "Time": "08:30 am-09:45 am",
      "Instructor": "Mohamed Sedky (P)",
      "Location": "SSE 2177"
    },
    {
      "course name": "CSCE 438L/4302 - Embedded Systems Lab (1 cr.)",
      "CRN": "31642",
      "Section": "01",
      "Days": "T",
      "Time": "08:30 am-09:45 am",
      "Instructor": "Suzanne Safwat (P)",
      "Location": "SSE 2177"
    },
    {
      "course name": "CSCE 438L/4302 - Embedded Systems Lab (1 cr.)",
      "CRN": "31644",
      "Section": "02",
      "Days": "T",
      "Time": "11:30 am-02:20 pm",
      "Instructor": "Suzanne Safwat (P)",
      "Location": "SSE 2177"
    },
    {
      "course name": "CSCE 490/4950 - Industrial Training (1 cr.)",
      "CRN": "30084",
      "Section": "01",
      "Days": "NaN",
      "Time": "Nan",
      "Instructor": "TBA",
      "Location": "TBA"
    },
    {
      "course name": "CSCE 490/4950 - Industrial Training (1 cr.)",
      "CRN": "31648",
      "Section": "02",
      "Days": "NaN",
      "Time": "Nan",
      "Instructor": "TBA",
      "Location": "TBA"
    },
    {
      "course name": "CSCE 491/4980 - Senior Project I (1 cr.)",
      "CRN": "30085",
      "Section": "01",
      "Days": "NaN",
      "Time": "Nan",
      "Instructor": "TBA",
      "Location": "TBA"
    },
    {
      "course name": "CSCE 491/4980 - Senior Project I (1 cr.)",
      "CRN": "31426",
      "Section": "02",
      "Days": "NaN",
      "Time": "Nan",
      "Instructor": "TBA",
      "Location": "TBA"
    },
    {
      "course name": "CSCE 492/4981 - Senior Project II (2 cr.)",
      "CRN": "30086",
      "Section": "01",
      "Days": "NaN",
      "Time": "Nan",
      "Instructor": "TBA",
      "Location": "TBA"
    },
    {
      "course name": "CSCE 492/4981 - Senior Project II (2 cr.)",
      "CRN": "30753",
      "Section": "02",
      "Days": "NaN",
      "Time": "Nan",
      "Instructor": "TBA",
      "Location": "TBA"
    },
    {
      "course name": "CSCE 317/3103 - Object Oriented Programming (3 cr.)",
      "CRN": "31599",
      "Section": "01",
      "Days": "MR",
      "Time": "03:30 pm-04:45 pm",
      "Instructor": "Ghada Nasr Aly Hassan (P)",
      "Location": "SSE CP48"
    },
    {
      "course name": "CSCE 325/3104 - Concepts of Programming Languages (3 cr.)",
      "CRN": "30077",
      "Section": "01",
      "Days": "WU",
      "Time": "08:30 am-09:45 am",
      "Instructor": "Maryam Alberry (P)",
      "Location": "SSE CP31"
    },
    {
      "course name": "CSCE 325/3104 - Concepts of Programming Languages (3 cr.)",
      "CRN": "31389",
      "Section": "02",
      "Days": "WU",
      "Time": "03:30 pm-04:45 pm",
      "Instructor": "Soumaia Ahmed A/Ghany Al Ayyat (P)",
      "Location": "SSE CP31"
    },
    {
      "course name": "CSCE 447/4101 - Compiler Design (3 cr.)",
      "CRN": "30083",
      "Section": "01",
      "Days": "WU",
      "Time": "11:30 am-12:45 pm",
      "Instructor": "Ahmed Abdel-Wahed Rafea (P)",
      "Location": "JAMEEL C106"
    },
    {
      "course name": "CSCE 422/4201 - Theory of Computing (3 cr.)",
      "CRN": "30918",
      "Section": "01",
      "Days": "WU",
      "Time": "03:30 pm-04:45 pm",
      "Instructor": "Alia Alaa El Bolock (P)",
      "Location": "SSE CP19"
    },
    {
      "course name": "CSCE 000/4315 - Internet of Things Networking Protocols (3 cr.)",
      "CRN": "31394",
      "Section": "01",
      "Days": "WU",
      "Time": "02:00 pm-03:15 pm",
      "Instructor": "Tamer Abdel Mottalib Farid ElBatt (P)",
      "Location": "TBA"
    },
    {
      "course name": "CSCE 000/4603 - Fundamentals of Computer Vision (3 cr.)",
      "CRN": "32247",
      "Section": "01",
      "Days": "WU",
      "Time": "10:00 am-11:15 am",
      "Instructor": "Mohamed Sedky (P)",
      "Location": "SSE CP48"
    },
    {
      "course name": "CSCE 000/4604 - Practical Machine Deep Learning (3 cr.)",
      "CRN": "31042",
      "Section": "01",
      "Days": "WU",
      "Time": "02:00 pm-03:15 pm",
      "Instructor": "Moustafa Amin Youssef (P)",
      "Location": "HATEM C203"
    },
    {
      "course name": "CSCE 485/4930 - Selected Topics in Computer Science and Engineering (1-3 cr.)",
      "CRN": "31651",
      "Section": "01",
      "Days": "W",
      "Time": "06:00 pm-08:40 pm",
      "Instructor": "Amr Hussein El Mougy (P), Alia Alaa El Bolock",
      "Location": "SSE CP17"
    },
    {
      "course name": "CSCE 485/4930 - Selected Topics in Computer Science and Engineering (1-3 cr.)",
      "CRN": "32256",
      "Section": "02",
      "Days": "U",
      "Time": "06:00 pm-08:40 pm",
      "Instructor": "Nourhan Tarek Sakr (P)",
      "Location": "SSE CP46"
    },
    {
      "course name": "CSCE 485/4930 - Selected Topics in Computer Science and Engineering (1-3 cr.)",
      "CRN": "32507",
      "Section": "03",
      "Days": "W",
      "Time": "07:45 pm-10:25 pm",
      "Instructor": "Mohamed Abdel Salam Ahmed (P)",
      "Location": "SSE CP23"
    },
    {
      "course name": "ECNG 413/4103 - Testing of Digital Circuits (3 cr.)",
      "CRN": "30450",
      "Section": "01",
      "Days": "MR",
      "Time": "10:00 am-11:15 am",
      "Instructor": "Hassanein Hamed Amer (P)",
      "Location": "HATEM C123"
    },
    {
      "course name": "MACT 362/4133 - Formal and Mathematical Logic (3 cr.)",
      "CRN": "31375",
      "Section": "01",
      "Days": "WU",
      "Time": "11:30 am-12:45 pm",
      "Instructor": "Daoud Nasri Siniora (P)",
      "Location": "HATEM C120"
    },
    {
      "course name": "MACT 440/4135 - Graph Theory (3 cr.)",
      "CRN": "30908",
      "Section": "01",
      "Days": "MR",
      "Time": "02:00 pm-03:15 pm",
      "Instructor": "Isabel Muller (P)",
      "Location": "SSE CP17"
    },
    {
        "course name": "CHEM 105/1005 - General Chemistry I (3 cr.)",
        "CRN": "30049",
        "Section": "01",
        "Days": "MR",
        "Time": "10:00 am-11:15 am",
        "Instructor": "TBA",
        "Location": "HATEM C203"
    },
    {
        "course name": "CHEM 105/1005 - General Chemistry I (3 cr.)",
        "CRN": "30658",
        "Section": "02",
        "Days": "WU",
        "Time": "10:00 am-11:15 am",
        "Instructor": "TBA",
        "Location": "HATEM C203"
    },
    {
        "course name": "CHEM 105/1005 - General Chemistry I (3 cr.)",
        "CRN": "30050",
        "Section": "03",
        "Days": "MR",
        "Time": "11:30 am-12:45 pm",
        "Instructor": "TBA",
        "Location": "SSE CP29"
    },
    {
        "course name": "CHEM 105/1005 - General Chemistry I (3 cr.)",
        "CRN": "30659",
        "Section": "04",
        "Days": "WU",
        "Time": "02:00 pm-03:15 pm",
        "Instructor": "TBA",
        "Location": "HATEM C116"
    },
    {
        "course name": "CHEM 105/1005 - General Chemistry I (3 cr.)",
        "CRN": "30051",
        "Section": "05",
        "Days": "MR",
        "Time": "02:00 pm-03:15 pm",
        "Instructor": "TBA",
        "Location": "HATEM C117"
    },
    {
        "course name": "CHEM 105/1005 - General Chemistry I (3 cr.)",
        "CRN": "30343",
        "Section": "06",
        "Days": "WU",
        "Time": "11:30 am-12:45 pm",
        "Instructor": "TBA",
        "Location": "SSE CP20"
    }
  ]