[
  {
    "username": "ahmedmohamed@aucegypt.edu",
    "course": "CHEM 105/1005"
  },
  {
    "username": "ahmedmohamed@aucegypt.edu",
    "course": "CHEM 115L/1015"
  },
  {
    "username": "ahmedmohamed@aucegypt.edu",
    "course": "CORE 110/1010"
  },
  {
    "username": "ahmedmohamed@aucegypt.edu",
    "course": "CSCE 106/1001"
  },
  {
    "username": "ahmedmohamed@aucegypt.edu",
    "course": "PHYS 111/1011 "
  },
  {
    "username": "ahmedmohamed@aucegypt.edu",
    "course": "PHYS 123L/1012 "
  },
  {
    "username": "ahmedmohamed@aucegypt.edu",
    "course": "MACT 131/1121"
  },
  {
    "username": "ahmedmohamed@aucegypt.edu",
    "course": "RHET 110/1010 "
  }
]
