[
  {
    "username": "ahmedmohamed@aucegypt.edu",
    "course": "CHEM 1005"
  },
  {
    "username": "ahmedmohamed@aucegypt.edu",
    "course": "CHEM 1015"
  },
  {
    "username": "ahmedmohamed@aucegypt.edu",
    "course": "CSCE 1001"
  },
  {
    "username": "ahmedmohamed@aucegypt.edu",
    "course": "PHYS 1011 "
  },
  {
    "username": "ahmedmohamed@aucegypt.edu",
    "course": "PHYS 1012 "
  },

  {
    "username": "johnsmith@aucegypt.edu",
    "course": "CSCE 1001"
  },
  {
    "username": "johnsmith@aucegypt.edu",
    "course": "MACT 1121"
  }
]
